uniqueID;flowDir;topLeft;bottomRight
0;[0.707107,-0.707107];[100,860];[140,900]
1;[1.000000,0.000000];[140,860];[860,900]
2;[0.707107,0.707107];[860,860];[900,900]
3;[0.000000,1.000000];[860,140];[900,860]
4;[-0.707107,0.707107];[860,100];[900,140]
5;[-1.000000,0.000000];[140,100];[860,140]
6;[-0.707107,-0.707107];[100,100];[140,140]
7;[0.000000,-1.000000];[100,140];[140,860]
