uniqueID;flowDir;topLeft;bottomRight
0;[1.000000,0.000000];[100,400];[500,440]
1;[0.707107,-0.707107];[500,400];[540,440]
2;[0.000000,1.000000];[500,100];[540,400]
3;[0.000000,-1.000000];[500,440];[540,740]
4;[0.000000,-1.000000];[500,740];[540,780]
5;[0.000000,1.000000];[500,60];[540,100]
